{
  "resourceType": "Observation",
  "id": "Connectathon-Assessment-FS-1-First3DHospAdmission",
  "meta": {
    "profile": [
      "http://pacioproject.org/StructureDefinition/pacio-bfs"
    ]
  },
  "extension": [
    {
      "url": "http://hl7.org/fhir/StructureDefinition/event-location",
      "valueReference": {
        "reference": "Location/Connectathon-Org-Loc-01"
      }
    },
    {
      "url": "http://pacioproject.org/StructureDefinition/device-patient-used",
      "valueReference": {
        "reference": "DeviceUseStatement/Connectathon-Assessment-FS-1-First3DHospAdmission-UseOfDevice-14"
      }
    },
    {
      "url": "http://pacioproject.org/StructureDefinition/device-patient-used",
      "valueReference": {
        "reference": "DeviceUseStatement/Connectathon-Assessment-FS-1-First3DHospAdmission-UseOfDevice-15"
      }
    },
    {
      "url": "http://pacioproject.org/StructureDefinition/device-patient-used",
      "valueReference": {
        "reference": "DeviceUseStatement/Connectathon-Assessment-FS-1-First3DHospAdmission-UseOfDevice-16"
      }
    }
  ],
  "subject": {
    "reference": "Patient/patientBSJ1"
  },
  "status": "final",
  "effectiveDateTime": "2020-04-02T10:00:00-05:00",
  "code": {
    "coding": [
      {
        "code": "88330-6",
        "system": "http://loinc.org",
        "display": "Mobility - Admission Performance"
      }
    ]
  },
  "category": [
    {
      "coding": [
        {
          "code": "survey",
          "system": "http://terminology.hl7.org/CodeSystem/observation-category"
        }
      ]
    }
  ],
  "performer": [
    {
      "reference": "Practitioner/Connectathon-Practitioner-SallySmith"
    },
    {
      "reference": "PractitionerRole/Connectathon-Role-PT"
    },
    {
      "reference": "Organization/Connectathon-Org-01",
      "display": "Organization"
    }
  ],
  "hasMember": [
    {
      "reference": "Observation/Connectathon-Assessment-FS-1-First3DHospAdmission-Ob-1"
    },
    {
      "reference": "Observation/Connectathon-Assessment-FS-1-First3DHospAdmission-Ob-7"
    },
    {
      "reference": "Observation/Connectathon-Assessment-FS-1-First3DHospAdmission-Ob-13"
    },
    {
      "reference": "Observation/Connectathon-Assessment-FS-1-First3DHospAdmission-Ob-19"
    },
    {
      "reference": "Observation/Connectathon-Assessment-FS-1-First3DHospAdmission-Ob-25"
    },
    {
      "reference": "Observation/Connectathon-Assessment-FS-1-First3DHospAdmission-Ob-31"
    },
    {
      "reference": "Observation/Connectathon-Assessment-FS-1-First3DHospAdmission-Ob-37"
    },
    {
      "reference": "Observation/Connectathon-Assessment-FS-1-First3DHospAdmission-Ob-43"
    },
    {
      "reference": "Observation/Connectathon-Assessment-FS-1-First3DHospAdmission-Ob-49"
    },
    {
      "reference": "Observation/Connectathon-Assessment-FS-1-First3DHospAdmission-Ob-55"
    },
    {
      "reference": "Observation/Connectathon-Assessment-FS-1-First3DHospAdmission-Ob-61"
    },
    {
      "reference": "Observation/Connectathon-Assessment-FS-1-First3DHospAdmission-Ob-67"
    },
    {
      "reference": "Observation/Connectathon-Assessment-FS-1-First3DHospAdmission-Ob-73"
    },
    {
      "reference": "Observation/Connectathon-Assessment-FS-1-First3DHospAdmission-Ob-79"
    },
    {
      "reference": "Observation/Connectathon-Assessment-FS-1-First3DHospAdmission-Ob-85"
    },
    {
      "reference": "Observation/Connectathon-Assessment-FS-1-First3DHospAdmission-Ob-91"
    },
    {
      "reference": "Observation/Connectathon-Assessment-FS-1-First3DHospAdmission-Ob-97"
    }
  ],
  "derivedFrom": [
    {
      "reference": "QuestionnaireResponse/Connectathon-QuestResponse-FS-1-First3DHospAdmission",
      "display": "Questionnaire Response"
    }
  ]
}
