{
  "resourceType": "Observation",
  "id": "Connectathon-Assessment-FS-4-Last3DSNFStay",
  "meta": {
    "profile": [
      "http://pacioproject.org/StructureDefinition/pacio-bfs"
    ]
  },
  "extension": [
    {
      "url": "http://hl7.org/fhir/StructureDefinition/event-location",
      "valueReference": {
        "reference": "Location/Connectathon-Org-Loc-02"
      }
    },
    {
      "url": "http://pacioproject.org/StructureDefinition/device-patient-used",
      "valueReference": {
        "reference": "DeviceUseStatement/Connectathon-Assessment-FS-4-Last3DSNFStay-UseOfDevice-1"
      }
    },
    {
      "url": "http://pacioproject.org/StructureDefinition/device-patient-used",
      "valueReference": {
        "reference": "DeviceUseStatement/Connectathon-Assessment-FS-4-Last3DSNFStay-UseOfDevice-2"
      }
    },
    {
      "url": "http://pacioproject.org/StructureDefinition/device-patient-used",
      "valueReference": {
        "reference": "DeviceUseStatement/Connectathon-Assessment-FS-4-Last3DSNFStay-UseOfDevice-3"
      }
    },
    {
      "url": "http://pacioproject.org/StructureDefinition/device-patient-used",
      "valueReference": {
        "reference": "DeviceUseStatement/Connectathon-Assessment-FS-4-Last3DSNFStay-UseOfDevice-4"
      }
    },
    {
      "url": "http://pacioproject.org/StructureDefinition/device-patient-used",
      "valueReference": {
        "reference": "DeviceUseStatement/Connectathon-Assessment-FS-4-Last3DSNFStay-UseOfDevice-5"
      }
    },
    {
      "url": "http://pacioproject.org/StructureDefinition/device-patient-used",
      "valueReference": {
        "reference": "DeviceUseStatement/Connectathon-Assessment-FS-4-Last3DSNFStay-UseOfDevice-6"
      }
    },
    {
      "url": "http://pacioproject.org/StructureDefinition/device-patient-used",
      "valueReference": {
        "reference": "DeviceUseStatement/Connectathon-Assessment-FS-4-Last3DSNFStay-UseOfDevice-7"
      }
    }
  ],
  "subject": {
    "reference": "Patient/patientBSJ1"
  },
  "status": "final",
  "effectiveDateTime": "2020-04-23T13:00:00-05:00",
  "code": {
    "coding": [
      {
        "code": "88331-4",
        "system": "http://loinc.org",
        "display": "Mobility - Discharge Performance"
      }
    ]
  },
  "category": [
    {
      "coding": [
        {
          "code": "survey",
          "system": "http://terminology.hl7.org/CodeSystem/observation-category"
        }
      ]
    }
  ],
  "performer": [
    {
      "reference": "Practitioner/Connectathon-Practitioner-DanielGranger"
    },
    {
      "reference": "PractitionerRole/Connectathon-Role-RN"
    },
    {
      "reference": "Organization/Connectathon-Org-02",
      "display": "Organization"
    }
  ],
  "hasMember": [
    {
      "reference": "Observation/Connectathon-Assessment-FS-4-Last3DSNFStay-Ob-4"
    },
    {
      "reference": "Observation/Connectathon-Assessment-FS-4-Last3DSNFStay-Ob-10"
    },
    {
      "reference": "Observation/Connectathon-Assessment-FS-4-Last3DSNFStay-Ob-16"
    },
    {
      "reference": "Observation/Connectathon-Assessment-FS-4-Last3DSNFStay-Ob-22"
    },
    {
      "reference": "Observation/Connectathon-Assessment-FS-4-Last3DSNFStay-Ob-28"
    },
    {
      "reference": "Observation/Connectathon-Assessment-FS-4-Last3DSNFStay-Ob-34"
    },
    {
      "reference": "Observation/Connectathon-Assessment-FS-4-Last3DSNFStay-Ob-40"
    },
    {
      "reference": "Observation/Connectathon-Assessment-FS-4-Last3DSNFStay-Ob-46"
    },
    {
      "reference": "Observation/Connectathon-Assessment-FS-4-Last3DSNFStay-Ob-52"
    },
    {
      "reference": "Observation/Connectathon-Assessment-FS-4-Last3DSNFStay-Ob-58"
    },
    {
      "reference": "Observation/Connectathon-Assessment-FS-4-Last3DSNFStay-Ob-64"
    },
    {
      "reference": "Observation/Connectathon-Assessment-FS-4-Last3DSNFStay-Ob-70"
    },
    {
      "reference": "Observation/Connectathon-Assessment-FS-4-Last3DSNFStay-Ob-76"
    },
    {
      "reference": "Observation/Connectathon-Assessment-FS-4-Last3DSNFStay-Ob-82"
    },
    {
      "reference": "Observation/Connectathon-Assessment-FS-4-Last3DSNFStay-Ob-88"
    },
    {
      "reference": "Observation/Connectathon-Assessment-FS-4-Last3DSNFStay-Ob-94"
    },
    {
      "reference": "Observation/Connectathon-Assessment-FS-4-Last3DSNFStay-Ob-100"
    }
  ],
  "derivedFrom": [
    {
      "reference": "QuestionnaireResponse/Connectathon-QuestResponse-FS-4-Last3DSNFStay",
      "display": "Questionnaire Response"
    }
  ]
}
