{
  "resourceType": "Observation",
  "id": "Connectathon-Assessment-FS-4-Last3DSNFStay-Ob-34",
  "meta": {
    "profile": [
      "http://pacioproject.org/StructureDefinition/pacio-fs"
    ]
  },
  "extension": [
    {
      "url": "http://hl7.org/fhir/StructureDefinition/event-location",
      "valueReference": {
        "reference": "Location/Connectathon-Org-Loc-02"
      }
    }
  ],
  "subject": {
    "reference": "Patient/patientBSJ1"
  },
  "status": "final",
  "effectiveDateTime": "2020-04-23T13:00:00-05:00",
  "code": {
    "coding": [
      {
        "code": "83208-9",
        "system": "http://loinc.org",
        "display": "What was the patient's usual performance related to their ability to get on and off a toilet or commode?"
      }
    ],
    "text": "Toilet transfer"
  },
  "valueCodeableConcept": {
    "coding": [
      {
        "code": "LA27996-0",
        "system": "http://loinc.org",
        "display": "Partial/moderate assistance"
      }
    ],
    "text": "Partial/moderate assistance"
  },
  "performer": [
    {
      "reference": "Practitioner/Connectathon-Practitioner-DanielGranger"
    },
    {
      "reference": "PractitionerRole/Connectathon-Role-RN"
    },
    {
      "reference": "Organization/Connectathon-Org-02",
      "display": "Organization"
    }
  ],
  "derivedFrom": [
    {
      "reference": "QuestionnaireResponse/Connectathon-QuestResponse-FS-4-Last3DSNFStay"
    }
  ]
}
