{
  "resourceType": "Observation",
  "id": "Connectathon-Assessment-CS-NursingFacility-BIMS",
  "meta": {
    "profile": [
      "http://pacioproject.org/StructureDefinition/pacio-bcs"
    ]
  },
  "extension": [
    {
      "url": "http://hl7.org/fhir/StructureDefinition/event-location",
      "valueReference": {
        "reference": "Location/Connectathon-Org-Loc-02"
      }
    }
  ],
  "subject": {
    "reference": "Patient/patientBSJ1"
  },
  "status": "final",
  "effectiveDateTime": "2020-04-09T18:00:00-05:00",
  "code": {
    "coding": [
      {
        "code": "52491-8",
        "system": "http://loinc.org",
        "display": "Brief Interview for Mental Status (BIMS)"
      }
    ]
  },
  "valueCodeableConcept": {
    "text": "15",
    "coding": [
      {
        "display": "BIMS Summary Score"
      }
    ]
  },
  "category": [
    {
      "coding": [
        {
          "code": "survey",
          "system": "http://terminology.hl7.org/CodeSystem/observation-category"
        }
      ]
    }
  ],
  "performer": [
    {
      "reference": "Practitioner/Connectathon-Practitioner-HoneyJones"
    },
    {
      "reference": "PractitionerRole/Connectathon-Role-RN"
    },
    {
      "reference": "Organization/Connectathon-Org-02",
      "display": "Organization"
    }
  ],
  "hasMember": [
    {
      "reference": "Observation/Connectathon-Assessment-CS-NursingFacility-BIMS-Ob-17"
    },
    {
      "reference": "Observation/Connectathon-Assessment-CS-NursingFacility-BIMS-Ob-18"
    },
    {
      "reference": "Observation/Connectathon-Assessment-CS-NursingFacility-BIMS-Ob-19"
    },
    {
      "reference": "Observation/Connectathon-Assessment-CS-NursingFacility-BIMS-Ob-20"
    },
    {
      "reference": "Observation/Connectathon-Assessment-CS-NursingFacility-BIMS-Ob-21"
    },
    {
      "reference": "Observation/Connectathon-Assessment-CS-NursingFacility-BIMS-Ob-22"
    },
    {
      "reference": "Observation/Connectathon-Assessment-CS-NursingFacility-BIMS-Ob-23"
    }
  ],
  "derivedFrom": [
    {
      "reference": "QuestionnaireResponse/Connectathon-QuestResponse-CS-NursingFacility-BIMS",
      "display": "Questionnaire Response"
    }
  ]
}
