{
  "resourceType": "MedicationRequest",
  "id": "Medication-Request-4",
  "subject": {
    "reference": "Patient/patientBSJ1"
  },
  "status": "stopped",
  "intent": "order",
  "category": [
    {
      "coding": [
        {
          "code": "discharge",
          "system": "http://hl7.org/fhir/ValueSet/medicationrequest-category"
        }
      ]
    }
  ],
  "medicationReference": {
    "reference": "Medication/Medication-Atorvastatin40mg"
  },
  "authoredOn": "2020-07-11T05:42:00-05:00",
  "requester": {
    "reference": "Practitioner/Practitioner-NoraOlogist"
  },
  "reasonReference": [
    {
      "reference": "Condition/BSJ-Diagnosis2"
    }
  ],
  "dosageInstruction": [
    {
      "text": "Take nightly"
    }
  ]
}
