{
  "resourceType": "Observation",
  "id": "Connectathon-Assessment-CS-3-First3DSNFAdmission-Ob-2",
  "meta": {
    "profile": [
      "http://pacioproject.org/StructureDefinition/pacio-cs"
    ]
  },
  "extension": [
    {
      "url": "http://hl7.org/fhir/StructureDefinition/event-location",
      "valueReference": {
        "reference": "Location/Connectathon-Org-Loc-02"
      }
    }
  ],
  "subject": {
    "reference": "Patient/patientBSJ1"
  },
  "status": "final",
  "effectiveDateTime": "2020-04-09T18:00:00-05:00",
  "code": {
    "coding": [
      {
        "code": "54632-5",
        "system": "http://loinc.org",
        "display": "Is there evidence of an acute change in mental status from the patients baseline?"
      }
    ],
    "text": "Acute Onset Mental Status Change. Is there evidence of an acute change in mental status from the resident's baseline?"
  },
  "valueCodeableConcept": {
    "coding": [
      {
        "code": "LA32-8",
        "system": "http://loinc.org",
        "display": "No"
      }
    ],
    "text": "No"
  },
  "performer": [
    {
      "reference": "Practitioner/Connectathon-Practitioner-HoneyJones"
    },
    {
      "reference": "PractitionerRole/Connectathon-Role-RN"
    },
    {
      "reference": "Organization/Connectathon-Org-02",
      "display": "Organization"
    }
  ],
  "derivedFrom": [
    {
      "reference": "QuestionnaireResponse/Connectathon-QuestResponse-CS-3-First3DSNFAdmission"
    }
  ]
}
