

{
  "resourceType": "Condition",
  "id": "need3",
  "meta": {
    "versionId": "2",
    "lastUpdated": "2020-04-28T14:20:16.580-07:00",
    "profile": [
      "http://hl7.org/fhir/us/eLTSS/StructureDefinition/Condition-eltss"
    ]
  },
  "text": {
    "status": "generated",
    "div": "<div xmlns=\"http://www.w3.org/1999/xhtml\">\n            <p><b>Assessed Need:</b> Depression (on treatment)</p>\n          </div>"
  },
  "clinicalStatus": {
    "coding": [
      {
        "system": "http://terminology.hl7.org/CodeSystem/condition-clinical",
        "code": "active"
      }
    ]
  },
  "verificationStatus": {
    "coding": [
      {
        "system": "http://terminology.hl7.org/CodeSystem/condition-ver-status",
        "code": "confirmed"
      }
    ]
  },
  "category": [
    {
      "coding": [
        {
          "system": "http://hl7.org/fhir/us/eLTSS/CodeSystem/eltss-condition-category-code",
          "code": "assessed-need"
        }
      ]
    }
  ],
  "code": {
    "coding": [
      {
        "system": "http://snomed.info/sct",
        "code": "35489007",
        "display": "Depressive disorder (disorder)"
      }
    ],
    "text": "Depression (on treatment)"
  },
  "subject": {
    "reference": "Patient/patientBSJ1"
  }
}

