{
  "resourceType": "Encounter",
  "id": "MDS-Re-assessment-Timepoint-2",
  "meta": {
    "profile": [
      "http://hl7.org/fhir/us/pacio-rat/StructureDefinition/prat-encounter"
    ]
  },
  "identifier": [
    {
      "system": "http://hl7.org/fhir/us/pacio-rat",
      "value": "MDS-Re-assessment-Timepoint-2001"
    }
  ],
  "status": "finished",
  "class": {
    "code": "SNF",
    "system": "http://hl7.org/fhir/us/pacio-rat/CodeSystem/prat-class-cs"
  },
  "type": [
    {
      "coding": [
        {
          "code": "payer",
          "system": "http://hl7.org/fhir/us/pacio-rat/CodeSystem/prat-entity-cs"
        }
      ]
    }
  ],
  "serviceType": {
    "coding": [
      {
        "code": "mds",
        "system": "http://hl7.org/fhir/us/pacio-rat/CodeSystem/prat-service-type-cs"
      }
    ]
  },
  "subject": {
    "reference": "Patient/patientBSJ1"
  },
  "participant": [
    {
      "individual": {
        "reference": "Practitioner/Practitioner-SummerJohnson"
      }
    },
    {
      "individual": {
        "reference": "Practitioner/Practitioner-JenCadbury"
      }
    }
  ],
  "period": {
    "start": "2020-01-14",
    "end": "2020-02-10"
  },
  "reasonCode": [
    {
      "coding": [
        {
          "code": "I63.411",
          "system": "http://hl7.org/fhir/sid/icd-10",
          "display": "Cerebral infarction due to embolism of right middle cerebral artery"
        }
      ]
    }
  ],
  "location": [
    {
      "location": {
        "reference": "Location/Provider-Org-Loc-1"
      }
    }
  ],
  "serviceProvider": {
    "reference": "Organization/Provider-Org-1"
  },
  "partOf": {
    "reference": "Encounter/Encounter-1-SNF-Stay"
  }
}
