{
  "resourceType": "ImplementationGuide",
  "id": "hl7.fhir.us.pacio-rat",
  "url": "http://hl7.org/fhir/us/pacio-rat/ImplementationGuide/hl7.fhir.us.pacio-rat",
  "version": "0.1.0",
  "name": "PACIOReAssessmentTimepoints",
  "title": "PACIO Re-Assessment Timepoints Implementation Guide",
  "status": "draft",
  "publisher": "HL7 Community-Based Care and Privacy Working Group",
  "contact": [
    {
      "name": "HL7 Community-Based Care and Privacy Working Group",
      "telecom": [
        {
          "system": "url",
          "value": "http://www.hl7.org/Special/committees/patientempowerment/index.cfm"
        },
        {
          "system": "email",
          "value": "patients@lists.HL7.org"
        }
      ]
    }
  ],
  "description": "PACIO Re-Assessment Timepoints Implementation Guide",
  "jurisdiction": [
    {
      "coding": [
        {
          "code": "US",
          "system": "urn:iso:std:iso:3166"
        }
      ]
    }
  ],
  "packageId": "hl7.fhir.us.pacio-rat",
  "license": "CC0-1.0",
  "fhirVersion": [
    "4.0.1"
  ],
  "dependsOn": [
    {
      "packageId": "hl7.fhir.us.core",
      "version": "3.1.1",
      "uri": "http://hl7.org/fhir/us/core/ImplementationGuide/hl7.fhir.us.core",
      "id": "hl7_fhir_us_core"
    }
  ],
  "definition": {
    "resource": [
      {
        "reference": {
          "reference": "StructureDefinition/prat-encounter"
        },
        "name": "PACIO Re-assessment Timepoints Encounter Profile",
        "description": "Re-assessment Timepoints Encounter is a profile of the Encoutner resource that allows longer term post acute admissions to be structured into smaller more consumable components, in line with the longer term clinical care and progression of a patient.",
        "exampleBoolean": false
      },
      {
        "reference": {
          "reference": "StructureDefinition/clinicalImpression"
        },
        "name": "clinicalImpression",
        "description": "Clinical impression resource reference",
        "exampleBoolean": false
      },
      {
        "reference": {
          "reference": "ValueSet/prat-class-vs"
        },
        "name": "Timepoint Class Value Set",
        "description": "Codes for the classification of patient timepoint. This is an extension of the ActEncounterCode value set",
        "exampleBoolean": false
      },
      {
        "reference": {
          "reference": "ValueSet/prat-entity-type-vs"
        },
        "name": "Timepoint Entity Type Value Set",
        "description": "Codes describing various entity types for structuring timepoints.",
        "exampleBoolean": false
      },
      {
        "reference": {
          "reference": "ValueSet/prat-service-type-vs"
        },
        "name": "Timepoint Service Type Value Set",
        "description": "Various service types of clinical assessment or instrument that a timepoint is centered on.",
        "exampleBoolean": false
      },
      {
        "reference": {
          "reference": "ValueSet/prat-status-vs"
        },
        "name": "Timepoint Status Value Set",
        "description": "Codes for the current state of the re-assessment timepoint.",
        "exampleBoolean": false
      },
      {
        "reference": {
          "reference": "CodeSystem/prat-class-cs"
        },
        "name": "Timepoint Class Code System",
        "description": "Codes for the classification of patient timepoint such as Skilled nursing facility, home health, etc.",
        "exampleBoolean": false
      },
      {
        "reference": {
          "reference": "CodeSystem/prat-entity-cs"
        },
        "name": "Timepoint Entity Code System",
        "description": "Codes describing various entity types for structuring timepoints.",
        "exampleBoolean": false
      },
      {
        "reference": {
          "reference": "CodeSystem/prat-service-type-cs"
        },
        "name": "Timepoint Service Type Code System",
        "description": "Codes describing various service types of clinical assessment or instrument that a timepoint is centered on.",
        "exampleBoolean": false
      },
      {
        "reference": {
          "reference": "Condition/BSJ-Diagnosis1"
        },
        "name": "BSJ-Diagnosis1",
        "description": "An instance of USCoreCondition",
        "exampleBoolean": true
      },
      {
        "reference": {
          "reference": "Condition/BSJ-Diagnosis2"
        },
        "name": "BSJ-Diagnosis2",
        "description": "An instance of USCoreCondition",
        "exampleBoolean": true
      },
      {
        "reference": {
          "reference": "Encounter/Encounter-1-SNF-Stay"
        },
        "name": "Encounter-1-SNF-Stay",
        "description": "An instance of USCoreEncounterProfile",
        "exampleBoolean": true
      },
      {
        "reference": {
          "reference": "Encounter/Encounter-2-HHA-Stay"
        },
        "name": "Encounter-2-HHA-Stay",
        "description": "An instance of USCoreEncounterProfile",
        "exampleBoolean": true
      },
      {
        "reference": {
          "reference": "Encounter/MDS-Re-assessment-Timepoint-1"
        },
        "name": "MDS-Re-assessment-Timepoint-1",
        "description": "An instance of ReassessmentTimepointsEncounter",
        "exampleCanonical": "http://hl7.org/fhir/us/pacio-rat/StructureDefinition/prat-encounter"
      },
      {
        "reference": {
          "reference": "Encounter/MDS-Re-assessment-Timepoint-2"
        },
        "name": "MDS-Re-assessment-Timepoint-2",
        "description": "An instance of ReassessmentTimepointsEncounter",
        "exampleCanonical": "http://hl7.org/fhir/us/pacio-rat/StructureDefinition/prat-encounter"
      },
      {
        "reference": {
          "reference": "Encounter/OASIS-Re-assessment-Timepoint-1"
        },
        "name": "OASIS-Re-assessment-Timepoint-1",
        "description": "An instance of ReassessmentTimepointsEncounter",
        "exampleCanonical": "http://hl7.org/fhir/us/pacio-rat/StructureDefinition/prat-encounter"
      },
      {
        "reference": {
          "reference": "Encounter/OASIS-Re-assessment-Timepoint-2"
        },
        "name": "OASIS-Re-assessment-Timepoint-2",
        "description": "An instance of ReassessmentTimepointsEncounter",
        "exampleCanonical": "http://hl7.org/fhir/us/pacio-rat/StructureDefinition/prat-encounter"
      },
      {
        "reference": {
          "reference": "Encounter/OASIS-Re-assessment-Timepoint-3"
        },
        "name": "OASIS-Re-assessment-Timepoint-3",
        "description": "An instance of ReassessmentTimepointsEncounter",
        "exampleCanonical": "http://hl7.org/fhir/us/pacio-rat/StructureDefinition/prat-encounter"
      },
      {
        "reference": {
          "reference": "Practitioner/Practitioner-DanielGranger"
        },
        "name": "Practitioner-DanielGranger",
        "description": "An instance of Practitioner",
        "exampleBoolean": true
      },
      {
        "reference": {
          "reference": "Practitioner/Practitioner-JacobHartwell"
        },
        "name": "Practitioner-JacobHartwell",
        "description": "An instance of Practitioner",
        "exampleBoolean": true
      },
      {
        "reference": {
          "reference": "Practitioner/Practitioner-JenCadbury"
        },
        "name": "Practitioner-JenCadbury",
        "description": "An instance of Practitioner",
        "exampleBoolean": true
      },
      {
        "reference": {
          "reference": "Practitioner/Practitioner-JohnSmith"
        },
        "name": "Practitioner-JohnSmith",
        "description": "An instance of Practitioner",
        "exampleBoolean": true
      },
      {
        "reference": {
          "reference": "Practitioner/Practitioner-LiaNguyen"
        },
        "name": "Practitioner-LiaNguyen",
        "description": "An instance of Practitioner",
        "exampleBoolean": true
      },
      {
        "reference": {
          "reference": "Practitioner/Practitioner-LunaBaskins"
        },
        "name": "Practitioner-LunaBaskins",
        "description": "An instance of Practitioner",
        "exampleBoolean": true
      },
      {
        "reference": {
          "reference": "Practitioner/Practitioner-NoraOlogist"
        },
        "name": "Practitioner-NoraOlogist",
        "description": "An instance of Practitioner",
        "exampleBoolean": true
      },
      {
        "reference": {
          "reference": "Practitioner/Practitioner-ScottDumble"
        },
        "name": "Practitioner-ScottDumble",
        "description": "An instance of Practitioner",
        "exampleBoolean": true
      },
      {
        "reference": {
          "reference": "Practitioner/Practitioner-SummerJohnson"
        },
        "name": "Practitioner-SummerJohnson",
        "description": "An instance of Practitioner",
        "exampleBoolean": true
      },
      {
        "reference": {
          "reference": "Practitioner/Practitioner-TamaraRodriguez"
        },
        "name": "Practitioner-TamaraRodriguez",
        "description": "An instance of Practitioner",
        "exampleBoolean": true
      },
      {
        "reference": {
          "reference": "Organization/Provider-Org-1"
        },
        "name": "Provider-Org-1",
        "description": "An instance of Organization",
        "exampleBoolean": true
      },
      {
        "reference": {
          "reference": "Organization/Provider-Org-2"
        },
        "name": "Provider-Org-2",
        "description": "An instance of Organization",
        "exampleBoolean": true
      },
      {
        "reference": {
          "reference": "Location/Provider-Org-Loc-1"
        },
        "name": "Provider-Org-Loc-1",
        "description": "An instance of Location",
        "exampleBoolean": true
      },
      {
        "reference": {
          "reference": "Location/Provider-Org-Loc-2"
        },
        "name": "Provider-Org-Loc-2",
        "description": "An instance of Location",
        "exampleBoolean": true
      },
      {
        "reference": {
          "reference": "Patient/patientBSJ1"
        },
        "name": "patientBSJ1",
        "description": "An instance of USCorePatientProfile",
        "exampleBoolean": true
      },
      {
        "reference": {
          "reference": "CapabilityStatement/prat"
        },
        "description": "This PACIO Re-Assessment Timepoints implementation guide describes a means to break up extended Post-Acute admissions into consumable blocks that can reflect the evolution of care over time of the encounter or episode of care.\n\nPost-Acute Admissions extend over much longer periods of time than the encounters in the Acute and Ambulatory Care Settings, often going for several months or even years. Over the course of these time periods the patient condition and therefore the care being provided is changing - for example in Home Health the goal is rehabilitation so Care Plans, Medications, and Orders are all likely changing throughout an admission that could last several months. Already in existence within post-acute care settings are periods of time structured by a variety of stakeholders, some more rigid than others - regulatory and conditions of participation, payer and revenue cycle requirements, and provider specific processes and protocols. In settings like Home Health and SNF, there are defined Medicare assessment instruments that must be completed every X number of days (varies by care setting); the results of said assessment drive the Care Plan for the next X number of days; if a patient has a pain management Care Plan, and their pain scores are down then they may have their Opioid drug dosages reduced or eliminated. If the patient's ambulation is improving, then we may see interventions focused on more complex exercises. These periods of time, defined by many different drivers, have direct impact on how data is made available outside of an EMR; without a structure in place to hold this information a connecting application or patient would have no choice but to sift through months worth of information rather than focusing on a given period or periods most relevant to the need of the application, patient, or other entity.",
        "exampleBoolean": false,
        "name": "PRAT CapabilityStatement"
      },
      {
        "reference": {
          "reference": "SearchParameter/encounter-based-on"
        },
        "description": "The ClinicalImpression or ServiceRequest that initiated this timepoint",
        "exampleBoolean": false,
        "name": "Timepoint_BasedOn"
      }
    ],
    "page": {
      "nameUrl": "toc.html",
      "title": "Table of Contents",
      "generation": "html",
      "page": [
        {
          "nameUrl": "index.html",
          "title": "Home",
          "generation": "markdown"
        },
        {
          "nameUrl": "downloads.html",
          "title": "Downloads",
          "generation": "markdown"
        }
      ]
    },
    "parameter": [
      {
        "code": "copyrightyear",
        "value": "2021+"
      },
      {
        "code": "releaselabel",
        "value": "STU1"
      },
      {
        "code": "show-inherited-invariants",
        "value": "false"
      },
      {
        "code": "apply-jurisdiction",
        "value": "true"
      },
      {
        "code": "apply-publisher",
        "value": "true"
      },
      {
        "code": "path-history",
        "value": "http://hl7.org/fhir/us/pacio-rat/history.html"
      }
    ]
  }
}
