{
  "resourceType": "Patient",
  "id": "patientBSJ1",
  "meta": {
    "profile": [
      "http://hl7.org/fhir/us/core/StructureDefinition/us-core-patient"
    ]
  },
  "active": true,
  "name": [
    {
      "text": "Betsy Smith-Johnson",
      "given": [
        "Betsy"
      ],
      "family": "Smith-Johnson"
    }
  ],
  "identifier": [
    {
      "system": "http://hl7.org/fhir/sid/us-medicare",
      "value": "10A3D58WH1600"
    }
  ],
  "gender": "female",
  "birthDate": "1950-11-01",
  "maritalStatus": {
    "coding": [
      {
        "code": "U",
        "system": "http://terminology.hl7.org/CodeSystem/v3-MaritalStatus"
      }
    ]
  },
  "telecom": [
    {
      "system": "phone",
      "value": "210-222-1111",
      "use": "mobile"
    }
  ],
  "address": [
    {
      "text": "111 Maple Ct, San Antonio, TX 78212"
    }
  ],
  "communication": [
    {
      "language": {
        "coding": [
          {
            "code": "en",
            "system": "urn:ietf:bcp:47"
          }
        ]
      },
      "preferred": true
    }
  ],
  "contact": [
    {
      "name": {
        "text": "Charles Johnson"
      },
      "relationship": [
        {
          "coding": [
            {
              "code": "SONC",
              "system": "http://terminology.hl7.org/CodeSystem/v3-RoleCode"
            }
          ]
        },
        {
          "coding": [
            {
              "code": "C",
              "system": "http://hl7.org/fhir/v2/0131"
            }
          ]
        },
        {
          "coding": [
            {
              "code": "GUARD",
              "system": "http://terminology.hl7.org/CodeSystem/v3-RoleCode"
            }
          ]
        }
      ],
      "address": {
        "text": "100 Montana St., San Antonio, TX 78203"
      },
      "telecom": [
        {
          "system": "phone",
          "value": "(210) 222-3333"
        }
      ]
    },
    {
      "name": {
        "text": "Debra Johnson"
      },
      "relationship": [
        {
          "coding": [
            {
              "code": "DAUC",
              "system": "http://terminology.hl7.org/CodeSystem/v3-RoleCode"
            }
          ]
        }
      ],
      "address": {
        "text": "333 W. Camden St., Baltimore, MD 21201"
      },
      "telecom": [
        {
          "system": "phone",
          "value": "(410) 444-5555"
        }
      ]
    }
  ],
  "generalPractitioner": [
    {
      "reference": "Practitioner/Practitioner-JohnSmith"
    }
  ]
}
