{
  "resourceType": "DeviceUseStatement",
  "id": "BFS-Hospital-Discharge-Mobility-1-UseOfDevice-5",
  "meta": {
    "profile": [
      "http://paciowg.github.io/functional-status-ig/StructureDefinition/pacio-dev"
    ]
  },
  "subject": {
    "reference": "Patient/patientBSJ1"
  },
  "derivedFrom": [
    {
      "reference": "Observation/BFS-Hospital-Discharge-Mobility-1"
    }
  ],
  "recordedOn": "2020-07-10T14:34:00-05:00",
  "source": {
    "reference": "Practitioner/Practitioner-RonMarble"
  },
  "device": {
    "reference": "Device/CMS-Device-7"
  },
  "status": "active"
}
