{
  "resourceType": "Observation",
  "id": "Connectathon-Assessment-FS-HospAdmission-SelfCare-Ob-19",
  "meta": {
    "profile": [
      "http://pacioproject.org/StructureDefinition/pacio-fs"
    ]
  },
  "extension": [
    {
      "url": "http://hl7.org/fhir/StructureDefinition/event-location",
      "valueReference": {
        "reference": "Location/Connectathon-Org-Loc-01"
      }
    }
  ],
  "subject": {
    "reference": "Patient/patientBSJ1"
  },
  "status": "final",
  "effectiveDateTime": "2020-04-02T10:00:00-05:00",
  "code": {
    "coding": [
      {
        "code": "83226-1",
        "system": "http://loinc.org",
        "display": "Shower &or bathe self - functional ability during 3D assessment period"
      }
    ],
    "text": "Shower/bathe self"
  },
  "valueCodeableConcept": {
    "coding": [
      {
        "code": "LA27665-1",
        "system": "http://loinc.org",
        "display": "Not Attempted"
      }
    ],
    "text": "Not Attempted"
  },
  "performer": [
    {
      "reference": "Practitioner/Connectathon-Practitioner-SallySmith"
    },
    {
      "reference": "PractitionerRole/Connectathon-Role-PT"
    },
    {
      "reference": "Organization/Connectathon-Org-01",
      "display": "Organization"
    }
  ],
  "derivedFrom": [
    {
      "reference": "QuestionnaireResponse/Connectathon-QuestResponse-FS-HospAdmission-SelfCare"
    }
  ]
}
