{
  "resourceType": "QuestionnaireResponse",
  "id": "Connectathon-QuestResponse-FS-HospLast3DStay-SelfCare",
  "meta": {
    "profile": [
      "http://pacioproject.org/StructureDefinition/pacio-qr"
    ]
  },
  "subject": {
    "reference": "Patient/patientBSJ1"
  },
  "status": "completed",
  "questionnaire": "https://api.logicahealth.org/PACIO/open/Questionnaire/MDS3.0-NC-1.17",
  "authored": "2020-04-09T14:00:00-05:00",
  "item": [
    {
      "linkId": "Section GG",
      "text": "Functional Abilities and Goals - Discharge",
      "id": "88483-3",
      "item": [
        {
          "linkId": "Section GG/GG0130/3",
          "text": "Self-Care - Discharge Performance",
          "id": "83254-3",
          "item": [
            {
              "linkId": "Section GG/GG0130/3/GG0130A3",
              "text": "Eating - functional ability during 3D assessment period",
              "id": "83232-9",
              "answer": [
                {
                  "valueReference": {
                    "reference": "Observation/Connectathon-Assessment-FS-HospLast3DStay-SelfCare-Ob-2"
                  }
                }
              ]
            },
            {
              "linkId": "Section GG/GG0130/3/GG0130B3",
              "text": "Oral hygiene - functional ability during 3D assessment period",
              "id": "83230-3",
              "answer": [
                {
                  "valueReference": {
                    "reference": "Observation/Connectathon-Assessment-FS-HospLast3DStay-SelfCare-Ob-8"
                  }
                }
              ]
            },
            {
              "linkId": "Section GG/GG0130/3/GG0130C3",
              "text": "Toileting hygiene - functional ability during 3D assessment period",
              "id": "83228-7",
              "answer": [
                {
                  "valueReference": {
                    "reference": "Observation/Connectathon-Assessment-FS-HospLast3DStay-SelfCare-Ob-14"
                  }
                }
              ]
            },
            {
              "linkId": "Section GG/GG0130/3/GG0130E3",
              "text": "Shower &or bathe self - functional ability during 3D assessment period",
              "id": "83226-1",
              "answer": [
                {
                  "valueReference": {
                    "reference": "Observation/Connectathon-Assessment-FS-HospLast3DStay-SelfCare-Ob-20"
                  }
                }
              ]
            },
            {
              "linkId": "Section GG/GG0130/3/GG0130F3",
              "text": "Upper body dressing - functional ability during 3D assessment period",
              "id": "83224-6",
              "answer": [
                {
                  "valueReference": {
                    "reference": "Observation/Connectathon-Assessment-FS-HospLast3DStay-SelfCare-Ob-26"
                  }
                }
              ]
            },
            {
              "linkId": "Section GG/GG0130/3/GG0130G3",
              "text": "Lower body dressing - functional ability during 3D assessment period",
              "id": "83222-0",
              "answer": [
                {
                  "valueReference": {
                    "reference": "Observation/Connectathon-Assessment-FS-HospLast3DStay-SelfCare-Ob-32"
                  }
                }
              ]
            },
            {
              "linkId": "Section GG/GG0130/3/GG0130H3",
              "text": "Putting on and taking off footwear - functional ability during 3D assessment period",
              "id": "83220-4",
              "answer": [
                {
                  "valueReference": {
                    "reference": "Observation/Connectathon-Assessment-FS-HospLast3DStay-SelfCare-Ob-38"
                  }
                }
              ]
            }
          ]
        }
      ]
    }
  ]
}
