{
  "resourceType": "Observation",
  "id": "HHA-MOB-FU-60-OASIS-2C",
  "extension": [
    {
      "url": "http://hl7.org/fhir/StructureDefinition/event-location",
      "valueReference": {
        "reference": "Location/Provider-Org-Loc-2"
      }
    }
  ],
  "subject": {
    "reference": "Patient/patientBSJ1"
  },
  "status": "final",
  "effectiveDateTime": "2020-04-07T11:21:00-05:00",
  "code": {
    "coding": [
      {
        "code": "88486-6",
        "system": "http://loinc.org",
        "display": "OASID D - Mobility - follow-up perfomance during assessment period [CMS Assessment]"
      }
    ]
  },
  "category": [
    {
      "coding": [
        {
          "code": "survey",
          "system": "http://terminology.hl7.org/CodeSystem/observation-category"
        }
      ]
    }
  ],
  "performer": [
    {
      "reference": "PractitionerRole/provider-role-nurse-Practitioner-JacobHartwell"
    }
  ],
  "hasMember": [
    {
      "reference": "Observation/HHA-MOB-FU-60-OASIS-2C-Ob-Question-2"
    },
    {
      "reference": "Observation/HHA-MOB-FU-60-OASIS-2C-Ob-Question-6"
    },
    {
      "reference": "Observation/HHA-MOB-FU-60-OASIS-2C-Ob-Question-10"
    },
    {
      "reference": "Observation/HHA-MOB-FU-60-OASIS-2C-Ob-Question-14"
    },
    {
      "reference": "Observation/HHA-MOB-FU-60-OASIS-2C-Ob-Question-18"
    },
    {
      "reference": "Observation/HHA-MOB-FU-60-OASIS-2C-Ob-Question-22"
    },
    {
      "reference": "Observation/HHA-MOB-FU-60-OASIS-2C-Ob-Question-28"
    },
    {
      "reference": "Observation/HHA-MOB-FU-60-OASIS-2C-Ob-Question-32"
    },
    {
      "reference": "Observation/HHA-MOB-FU-60-OASIS-2C-Ob-Question-38"
    },
    {
      "reference": "Observation/HHA-MOB-FU-60-OASIS-2C-Ob-Question-42"
    },
    {
      "reference": "Observation/HHA-MOB-FU-60-OASIS-2C-Ob-Question-46"
    },
    {
      "reference": "Observation/HHA-MOB-FU-60-OASIS-2C-Ob-Question-52"
    },
    {
      "reference": "Observation/HHA-MOB-FU-60-OASIS-2C-Ob-Question-55"
    }
  ]
}
