{
  "resourceType": "Observation",
  "id": "SNF-SC-AP-MDS-5-Day-NC-1B-Ob-Question-11",
  "extension": [
    {
      "url": "http://hl7.org/fhir/StructureDefinition/event-location",
      "valueReference": {
        "reference": "Location/Provider-Org-Loc-1"
      }
    }
  ],
  "subject": {
    "reference": "Patient/patientBSJ1"
  },
  "status": "final",
  "effectiveDateTime": "2020-01-02T16:00:00-05:00",
  "code": {
    "coding": [
      {
        "code": "95012-1",
        "system": "http://loinc.org",
        "display": "Putting on/taking off footwear - usual functional ability during assessment period [CMS Assessment]"
      }
    ],
    "text": "Putting on/taking off footwear - usual functional ability during assessment period [CMS Assessment]"
  },
  "valueCodeableConcept": {
    "coding": [
      {
        "code": "LA11759-0",
        "system": "http://loinc.org",
        "display": "Substantial/maximal assistance - Helper does more than half the effort. Helper lifts or holds trunk or limbs and provides more than half the effort."
      }
    ],
    "text": "Substantial/maximal assistance - Helper does more than half the effort. Helper lifts or holds trunk or limbs and provides more than half the effort."
  },
  "performer": [
    {
      "reference": "PractitionerRole/provider-role-nurse-Practitioner-SummerJohnson"
    }
  ]
}
