{
  "resourceType": "Observation",
  "id": "SNF-MOB-DG-MDS-5-Day-NC-1B-Ob-Question-41",
  "extension": [
    {
      "url": "http://hl7.org/fhir/StructureDefinition/event-location",
      "valueReference": {
        "reference": "Location/Provider-Org-Loc-1"
      }
    }
  ],
  "subject": {
    "reference": "Patient/patientBSJ1"
  },
  "status": "final",
  "effectiveDateTime": "2020-01-02T16:00:00-05:00",
  "code": {
    "coding": [
      {
        "code": "89390-9",
        "system": "http://loinc.org",
        "display": "Toilet transfer - functional goal [CMS Assessment]"
      }
    ],
    "text": "Toilet transfer - functional goal [CMS Assessment]"
  },
  "valueCodeableConcept": {
    "coding": [
      {
        "code": "LA9983-3",
        "system": "http://loinc.org",
        "display": "Independent - Patient completes the activity by him/herself with no assistance from a helper."
      }
    ],
    "text": "Independent - Patient completes the activity by him/herself with no assistance from a helper."
  },
  "performer": [
    {
      "reference": "PractitionerRole/provider-role-nurse-Practitioner-SummerJohnson"
    }
  ]
}
