{
  "resourceType": "Observation",
  "id": "HHA-SC-FU-60-OASIS-2D",
  "extension": [
    {
      "url": "http://hl7.org/fhir/StructureDefinition/event-location",
      "valueReference": {
        "reference": "Location/Provider-Org-Loc-2"
      }
    }
  ],
  "subject": {
    "reference": "Patient/patientBSJ1"
  },
  "status": "final",
  "effectiveDateTime": "2020-04-10T11:21:00-05:00",
  "code": {
    "coding": [
      {
        "code": "88485-8",
        "system": "http://loinc.org",
        "display": "OASIS D - Self-care - follow-up performance during assessment period [CMS Assessment]"
      }
    ]
  },
  "category": [
    {
      "coding": [
        {
          "code": "survey",
          "system": "http://terminology.hl7.org/CodeSystem/observation-category"
        }
      ]
    }
  ],
  "performer": [
    {
      "reference": "PractitionerRole/provider-role-nurse-Practitioner-JacobHartwell"
    }
  ],
  "hasMember": [
    {
      "reference": "Observation/HHA-SC-FU-60-OASIS-2D-Ob-Question-26"
    },
    {
      "reference": "Observation/HHA-SC-FU-60-OASIS-2D-Ob-Question-28"
    },
    {
      "reference": "Observation/HHA-SC-FU-60-OASIS-2D-Ob-Question-30"
    }
  ]
}
