{
  "resourceType": "Observation",
  "id": "HHA-PF-SOC-OASIS-2A-Ob-Question-4",
  "extension": [
    {
      "url": "http://hl7.org/fhir/StructureDefinition/event-location",
      "valueReference": {
        "reference": "Location/Provider-Org-Loc-2"
      }
    }
  ],
  "subject": {
    "reference": "Patient/patientBSJ1"
  },
  "status": "final",
  "effectiveDateTime": "2020-02-10T16:31:00-05:00",
  "code": {
    "coding": [
      {
        "code": "85073-5",
        "system": "http://loinc.org",
        "display": "Functional cognition [CMS Assessment]"
      }
    ],
    "text": "Functional cognition [CMS Assessment]"
  },
  "valueCodeableConcept": {
    "coding": [
      {
        "code": "LA11539-6",
        "system": "http://loinc.org",
        "display": "Independent - Patient completed the activities by him/herself, with or without an assistive device, with no assistance from a helper."
      }
    ],
    "text": "Independent - Patient completed the activities by him/herself, with or without an assistive device, with no assistance from a helper."
  },
  "performer": [
    {
      "reference": "PractitionerRole/provider-role-physical-therapist-Practitioner-LunaBaskins"
    }
  ]
}
