{
  "resourceType": "Observation",
  "id": "HHA-MOB-DG-OASIS-2B-Ob-Question-70",
  "extension": [
    {
      "url": "http://hl7.org/fhir/StructureDefinition/event-location",
      "valueReference": {
        "reference": "Location/Provider-Org-Loc-2"
      }
    }
  ],
  "subject": {
    "reference": "Patient/patientBSJ1"
  },
  "status": "final",
  "effectiveDateTime": "2020-02-10T16:31:00-05:00",
  "code": {
    "coding": [
      {
        "code": "89416-2",
        "system": "http://loinc.org",
        "display": "Go up and down 4 steps - functional goal [CMS Assessment]"
      }
    ],
    "text": "Go up and down 4 steps - functional goal [CMS Assessment]"
  },
  "valueCodeableConcept": {
    "coding": [
      {
        "code": "LA28225-3",
        "system": "http://loinc.org",
        "display": "Supervision or touching assistance - Helper provides verbal cues and/or touching/steadying and/or contact guard assistance as patient completes activity. Assistance may be provided throughout the activity or intermittently."
      }
    ],
    "text": "Supervision or touching assistance - Helper provides verbal cues and/or touching/steadying and/or contact guard assistance as patient completes activity. Assistance may be provided throughout the activity or intermittently."
  },
  "performer": [
    {
      "reference": "PractitionerRole/provider-role-physical-therapist-Practitioner-LunaBaskins"
    }
  ]
}
