{
  "resourceType": "Observation",
  "id": "HHA-MOB-FU-120-OASIS-2D-Ob-Question-39",
  "extension": [
    {
      "url": "http://hl7.org/fhir/StructureDefinition/event-location",
      "valueReference": {
        "reference": "Location/Provider-Org-Loc-2"
      }
    }
  ],
  "subject": {
    "reference": "Patient/patientBSJ1"
  },
  "status": "final",
  "effectiveDateTime": "2020-06-09T14:00:00-05:00",
  "code": {
    "coding": [
      {
        "code": "95001-4",
        "system": "http://loinc.org",
        "display": "Walking 10 feet on uneven surfaces - usual functional ability during assessment period [CMS Assessment]"
      }
    ],
    "text": "Walking 10 feet on uneven surfaces - usual functional ability during assessment period [CMS Assessment]"
  },
  "valueCodeableConcept": {
    "coding": [
      {
        "code": "LA30911-4",
        "system": "http://loinc.org",
        "display": "Supervision or touching assistance - Helper provides verbal cues and/or touching/steadying and/or contact guard assistance as person completes activity. Assistance may be provided throughout the activity or intermittently."
      }
    ],
    "text": "Supervision or touching assistance - Helper provides verbal cues and/or touching/steadying and/or contact guard assistance as person completes activity. Assistance may be provided throughout the activity or intermittently."
  },
  "performer": [
    {
      "reference": "PractitionerRole/provider-role-physical-therapist-Practitioner-ScottDumble"
    }
  ]
}
