{
  "resourceType": "Observation",
  "id": "HHA-MOB-DG-OASIS-2B-Ob-Question-72",
  "extension": [
    {
      "url": "http://hl7.org/fhir/StructureDefinition/event-location",
      "valueReference": {
        "reference": "Location/Provider-Org-Loc-2"
      }
    }
  ],
  "subject": {
    "reference": "Patient/patientBSJ1"
  },
  "status": "final",
  "effectiveDateTime": "2020-02-10T16:31:00-05:00",
  "code": {
    "coding": [
      {
        "code": "89402-2",
        "system": "http://loinc.org",
        "display": "Picking up object - functional goal [CMS Assessment]"
      }
    ],
    "text": "Picking up object - functional goal [CMS Assessment]"
  },
  "valueCodeableConcept": {
    "coding": [
      {
        "code": "LA9983-3",
        "system": "http://loinc.org",
        "display": "Independent - Patient completes the activity by him/herself with no assistance from a helper."
      }
    ],
    "text": "Independent - Patient completes the activity by him/herself with no assistance from a helper."
  },
  "performer": [
    {
      "reference": "PractitionerRole/provider-role-physical-therapist-Practitioner-LunaBaskins"
    }
  ]
}
