{
  "resourceType": "Observation",
  "id": "HHA-MOB-FU-60-OASIS-2C-Ob-Question-14",
  "extension": [
    {
      "url": "http://hl7.org/fhir/StructureDefinition/event-location",
      "valueReference": {
        "reference": "Location/Provider-Org-Loc-2"
      }
    }
  ],
  "subject": {
    "reference": "Patient/patientBSJ1"
  },
  "status": "final",
  "effectiveDateTime": "2020-04-07T11:21:00-05:00",
  "code": {
    "coding": [
      {
        "code": "95008-9",
        "system": "http://loinc.org",
        "display": "Sit to stand - usual functional ability during assessment period [CMS Assessment]"
      }
    ],
    "text": "Sit to stand - usual functional ability during assessment period [CMS Assessment]"
  },
  "valueCodeableConcept": {
    "coding": [
      {
        "code": "LA30909-8",
        "system": "http://loinc.org",
        "display": "Independent - Person completes the activity by him/herself with no assistance from a helper."
      }
    ],
    "text": "Independent - Person completes the activity by him/herself with no assistance from a helper."
  },
  "performer": [
    {
      "reference": "PractitionerRole/provider-role-nurse-Practitioner-JacobHartwell"
    }
  ]
}
