{
  "resourceType": "Observation",
  "id": "HHA-SC-FU-60-OASIS-2D-Ob-Question-28",
  "extension": [
    {
      "url": "http://hl7.org/fhir/StructureDefinition/event-location",
      "valueReference": {
        "reference": "Location/Provider-Org-Loc-2"
      }
    }
  ],
  "subject": {
    "reference": "Patient/patientBSJ1"
  },
  "status": "final",
  "effectiveDateTime": "2020-04-10T11:21:00-05:00",
  "code": {
    "coding": [
      {
        "code": "95018-8",
        "system": "http://loinc.org",
        "display": "Oral hygiene - usual functional ability during assessment period [CMS Assessment]"
      }
    ],
    "text": "Oral hygiene - usual functional ability during assessment period [CMS Assessment]"
  },
  "valueCodeableConcept": {
    "coding": [
      {
        "code": "LA30909-8",
        "system": "http://loinc.org",
        "display": "Independent - Person completes the activity by him/herself with no assistance from a helper."
      }
    ],
    "text": "Independent - Person completes the activity by him/herself with no assistance from a helper."
  },
  "performer": [
    {
      "reference": "PractitionerRole/provider-role-nurse-Practitioner-JacobHartwell"
    }
  ]
}
