{
  "resourceType": "Observation",
  "id": "HHA-MOB-FU-60-OASIS-2C-Ob-Question-42",
  "extension": [
    {
      "url": "http://hl7.org/fhir/StructureDefinition/event-location",
      "valueReference": {
        "reference": "Location/Provider-Org-Loc-2"
      }
    }
  ],
  "subject": {
    "reference": "Patient/patientBSJ1"
  },
  "status": "final",
  "effectiveDateTime": "2020-04-07T11:21:00-05:00",
  "code": {
    "coding": [
      {
        "code": "95000-6",
        "system": "http://loinc.org",
        "display": "Go up and down a curb/step - usual functional ability during assessment period [CMS Assessment]"
      }
    ],
    "text": "Go up and down a curb/step - usual functional ability during assessment period [CMS Assessment]"
  },
  "valueCodeableConcept": {
    "coding": [
      {
        "code": "LA30911-4",
        "system": "http://loinc.org",
        "display": "Supervision or touching assistance - Helper provides verbal cues and/or touching/steadying and/or contact guard assistance as person completes activity. Assistance may be provided throughout the activity or intermittently."
      }
    ],
    "text": "Supervision or touching assistance - Helper provides verbal cues and/or touching/steadying and/or contact guard assistance as person completes activity. Assistance may be provided throughout the activity or intermittently."
  },
  "performer": [
    {
      "reference": "PractitionerRole/provider-role-nurse-Practitioner-JacobHartwell"
    }
  ]
}
