{
  "resourceType": "Observation",
  "id": "HHA-MOB-SOC-Perf-OASIS-2A-Ob-Question-51",
  "extension": [
    {
      "url": "http://hl7.org/fhir/StructureDefinition/event-location",
      "valueReference": {
        "reference": "Location/Provider-Org-Loc-2"
      }
    }
  ],
  "subject": {
    "reference": "Patient/patientBSJ1"
  },
  "status": "final",
  "effectiveDateTime": "2020-02-10T16:31:00-05:00",
  "code": {
    "coding": [
      {
        "code": "94997-4",
        "system": "http://loinc.org",
        "display": "Picking up object - usual functional ability during assessment period [CMS Assessment]"
      }
    ],
    "text": "Picking up object - usual functional ability during assessment period [CMS Assessment]"
  },
  "valueCodeableConcept": {
    "coding": [
      {
        "code": "LA10055-4",
        "system": "http://loinc.org",
        "display": "Partial/moderate assistance - Helper does less than half the effort. Helper lifts, holds or supports trunk or limbs, but provides less than half the effort."
      }
    ],
    "text": "Partial/moderate assistance - Helper does less than half the effort. Helper lifts, holds or supports trunk or limbs, but provides less than half the effort."
  },
  "performer": [
    {
      "reference": "PractitionerRole/provider-role-physical-therapist-Practitioner-LunaBaskins"
    }
  ]
}
