{
  "resourceType": "Observation",
  "id": "SNF-MOB-DP-MDS-Discharge-ND-1D-Ob-Question-18",
  "extension": [
    {
      "url": "http://hl7.org/fhir/StructureDefinition/event-location",
      "valueReference": {
        "reference": "Location/Provider-Org-Loc-1"
      }
    }
  ],
  "subject": {
    "reference": "Patient/patientBSJ1"
  },
  "status": "final",
  "effectiveDateTime": "2020-02-10T10:00:00-05:00",
  "code": {
    "coding": [
      {
        "code": "95006-3",
        "system": "http://loinc.org",
        "display": "Toilet transfer - usual functional ability during assessment period [CMS Assessment]"
      }
    ],
    "text": "Toilet transfer - usual functional ability during assessment period [CMS Assessment]"
  },
  "valueCodeableConcept": {
    "coding": [
      {
        "code": "LA30909-8",
        "system": "http://loinc.org",
        "display": "Independent - Person completes the activity by him/herself with no assistance from a helper."
      }
    ],
    "text": "Independent - Person completes the activity by him/herself with no assistance from a helper."
  },
  "performer": [
    {
      "reference": "PractitionerRole/provider-role-physical-therapist-Practitioner-JenCadbury"
    }
  ]
}
