{
  "resourceType": "Observation",
  "id": "HHA-MOB-DC-OASIS-2E-Ob-Question-34",
  "extension": [
    {
      "url": "http://hl7.org/fhir/StructureDefinition/event-location",
      "valueReference": {
        "reference": "Location/Provider-Org-Loc-2"
      }
    }
  ],
  "subject": {
    "reference": "Patient/patientBSJ1"
  },
  "status": "final",
  "effectiveDateTime": "2020-06-29T14:00:00-05:00",
  "code": {
    "coding": [
      {
        "code": "95003-0",
        "system": "http://loinc.org",
        "display": "Walk 50 feet with two turns - usual functional ability during assessment period [CMS Assessment]"
      }
    ],
    "text": "Walk 50 feet with two turns - usual functional ability during assessment period [CMS Assessment]"
  },
  "valueCodeableConcept": {
    "coding": [
      {
        "code": "LA30909-8",
        "system": "http://loinc.org",
        "display": "Independent - Person completes the activity by him/herself with no assistance from a helper."
      }
    ],
    "text": "Independent - Person completes the activity by him/herself with no assistance from a helper."
  },
  "performer": [
    {
      "reference": "PractitionerRole/provider-role-physical-therapist-Practitioner-ScottDumble"
    }
  ]
}
