{
  "resourceType": "PractitionerRole",
  "id": "provider-role-neurologist-Practitioner-NoraOlogist",
  "code": [
    {
      "coding": [
        {
          "code": "2084N0400X",
          "system": "http://nucc.org/provider-taxonomy",
          "display": "Neurology"
        }
      ]
    }
  ],
  "specialty": [
    {
      "coding": [
        {
          "code": "2084N0400X",
          "system": "http://nucc.org/provider-taxonomy",
          "display": "Neurology"
        }
      ]
    }
  ],
  "active": true,
  "practitioner": {
    "reference": "Practitioner/Practitioner-NoraOlogist"
  }
}
