{
  "resourceType": "StructureDefinition",
  "id": "clinicalImpression",
  "url": "http://hl7.org/fhir/us/pacio-rat/StructureDefinition/clinicalImpression",
  "version": "0.1.0",
  "name": "clinicalImpression",
  "status": "active",
  "description": "An extension for referencing a clinical impression resource reflecting any and all clinical related data tied to the assessment/instrument driving the timepoint, or within the timepoint itself.",
  "fhirVersion": "4.0.1",
  "mapping": [
    {
      "identity": "rim",
      "uri": "http://hl7.org/v3",
      "name": "RIM Mapping"
    }
  ],
  "kind": "complex-type",
  "abstract": false,
  "context": [
    {
      "type": "element",
      "expression": "Element"
    }
  ],
  "type": "Extension",
  "baseDefinition": "http://hl7.org/fhir/StructureDefinition/Extension",
  "derivation": "constraint",
  "differential": {
    "element": [
      {
        "id": "Extension",
        "path": "Extension",
        "definition": "An extension for referencing a clinical impression resource reflecting any and all clinical related data tied to the assessment/instrument driving the timepoint, or within the timepoint itself."
      },
      {
        "id": "Extension.extension",
        "path": "Extension.extension",
        "max": "0"
      },
      {
        "id": "Extension.url",
        "path": "Extension.url",
        "fixedUri": "http://hl7.org/fhir/us/pacio-rat/StructureDefinition/clinicalImpression"
      },
      {
        "id": "Extension.value[x]",
        "path": "Extension.value[x]",
        "type": [
          {
            "code": "Reference",
            "targetProfile": [
              "http://hl7.org/fhir/StructureDefinition/ClinicalImpression"
            ]
          }
        ]
      }
    ]
  }
}
