{
  "resourceType": "Observation",
  "id": "BSJ-ObservationLab-32",
  "meta": {
    "profile": [
      "http://hl7.org/fhir/us/core/StructureDefinition/us-core-observation-lab"
    ]
  },
  "category": [
    {
      "coding": [
        {
          "code": "laboratory",
          "system": "http://terminology.hl7.org/CodeSystem/observation-category",
          "display": "Laboratory"
        }
      ]
    }
  ],
  "subject": {
    "reference": "Patient/patientBSJ1"
  },
  "encounter": {
    "reference": "Encounter/BSJ-Encounter-1"
  },
  "status": "final",
  "effectiveDateTime": "2020-07-08T17:28:00-05:00",
  "code": {
    "coding": [
      {
        "code": "2571-8",
        "system": "http://loinc.org",
        "display": "Triglyceride [Mass/Vol]"
      }
    ],
    "text": "Triglyceride [Mass/volume] in Serum or Plasma"
  },
  "valueQuantity": {
    "value": 190,
    "unit": "mg/dL",
    "system": "http://unitsofmeasure.org",
    "code": "mg/dL"
  },
  "performer": [
    {
      "reference": "Organization/provider-org-16"
    }
  ]
}
