{
  "resourceType": "Observation",
  "id": "BFS-HH-StartOfCare-Mobility-SelfCare-1",
  "meta": {
    "profile": [
      "http://paciowg.github.io/functional-status-ig/StructureDefinition/pacio-bfs"
    ]
  },
  "extension": [
    {
      "url": "http://hl7.org/fhir/StructureDefinition/event-location",
      "valueReference": {
        "reference": "Location/Org-Loc-03"
      }
    }
  ],
  "subject": {
    "reference": "Patient/patientBSJ1"
  },
  "status": "final",
  "effectiveDateTime": "2020-08-02T13:31:00-05:00",
  "code": {
    "coding": [
      {
        "code": "89479-0",
        "system": "http://loinc.org",
        "display": "OASIS D - Self-care - SOC/ROC performance [CMS Assessment]"
      }
    ]
  },
  "category": [
    {
      "coding": [
        {
          "code": "survey",
          "system": "http://terminology.hl7.org/CodeSystem/observation-category"
        }
      ]
    }
  ],
  "performer": [
    {
      "reference": "Practitioner/Practitioner-LunaBaskins"
    },
    {
      "reference": "PractitionerRole/Role-PT"
    },
    {
      "reference": "Organization/Org-03",
      "display": "Organization"
    }
  ],
  "hasMember": [
    {
      "reference": "Observation/BFS-HH-StartOfCare-Mobility-SelfCare-1-Ob-Question-36"
    },
    {
      "reference": "Observation/BFS-HH-StartOfCare-Mobility-SelfCare-1-Ob-Question-38"
    },
    {
      "reference": "Observation/BFS-HH-StartOfCare-Mobility-SelfCare-1-Ob-Question-40"
    },
    {
      "reference": "Observation/BFS-HH-StartOfCare-Mobility-SelfCare-1-Ob-Question-42"
    },
    {
      "reference": "Observation/BFS-HH-StartOfCare-Mobility-SelfCare-1-Ob-Question-44"
    },
    {
      "reference": "Observation/BFS-HH-StartOfCare-Mobility-SelfCare-1-Ob-Question-46"
    },
    {
      "reference": "Observation/BFS-HH-StartOfCare-Mobility-SelfCare-1-Ob-Question-48"
    }
  ],
  "derivedFrom": [
    {
      "reference": "QuestionnaireResponse/QResponse-HH-StartOfCare-Mobility-SelfCare-1",
      "display": "Questionnaire Response"
    }
  ]
}
