{
  "resourceType": "Observation",
  "id": "BFS-SNF-Admission-Mobility-1-Ob-Question-75",
  "meta": {
    "profile": [
      "http://paciowg.github.io/functional-status-ig/StructureDefinition/pacio-fs"
    ]
  },
  "extension": [
    {
      "url": "http://hl7.org/fhir/StructureDefinition/event-location",
      "valueReference": {
        "reference": "Location/Org-Loc-02"
      }
    }
  ],
  "subject": {
    "reference": "Patient/patientBSJ1"
  },
  "status": "final",
  "effectiveDateTime": "2020-07-11T16:32:00-05:00",
  "code": {
    "coding": [
      {
        "code": "83194-1",
        "system": "http://loinc.org",
        "display": "4 steps - functional ability during 3 day assessment period [CMS Assessment]"
      }
    ],
    "text": "4 steps - functional ability during 3 day assessment period [CMS Assessment]"
  },
  "valueCodeableConcept": {
    "coding": [
      {
        "code": "LA26735-3",
        "system": "http://loinc.org",
        "display": "Not attempted due to medical condition or safety concerns"
      }
    ],
    "text": "Not attempted due to medical condition or safety concerns"
  },
  "performer": [
    {
      "reference": "Practitioner/Practitioner-JenCadbury"
    },
    {
      "reference": "PractitionerRole/Role-PT"
    },
    {
      "reference": "Organization/Org-02",
      "display": "Organization"
    }
  ],
  "derivedFrom": [
    {
      "reference": "QuestionnaireResponse/QResponse-SNF-Admission-Mobility-1"
    }
  ]
}
