{
  "resourceType": "Observation",
  "id": "BFS-SNF-Admission-Mobility-SelfCare-1-Ob-Question-19",
  "meta": {
    "profile": [
      "http://paciowg.github.io/functional-status-ig/StructureDefinition/pacio-fs"
    ]
  },
  "extension": [
    {
      "url": "http://hl7.org/fhir/StructureDefinition/event-location",
      "valueReference": {
        "reference": "Location/Org-Loc-02"
      }
    }
  ],
  "subject": {
    "reference": "Patient/patientBSJ1"
  },
  "status": "final",
  "effectiveDateTime": "2020-07-11T16:32:00-05:00",
  "code": {
    "coding": [
      {
        "code": "83224-6",
        "system": "http://loinc.org",
        "display": "Upper body dressing - functional ability during 3 day assessment period [CMS Assessment]"
      }
    ],
    "text": "Upper body dressing - functional ability during 3 day assessment period [CMS Assessment]"
  },
  "valueCodeableConcept": {
    "coding": [
      {
        "code": "LA10055-4",
        "system": "http://loinc.org",
        "display": "Partial/moderate assistance"
      }
    ],
    "text": "Partial/moderate assistance - Helper does less than half the effort. Helper lifts, holds or supports trunk or limbs, but provides less than half the effort."
  },
  "performer": [
    {
      "reference": "Practitioner/Practitioner-JenCadbury"
    },
    {
      "reference": "PractitionerRole/Role-OT"
    },
    {
      "reference": "Organization/Org-02",
      "display": "Organization"
    }
  ],
  "derivedFrom": [
    {
      "reference": "QuestionnaireResponse/QResponse-SNF-Admission-Mobility-SelfCare-1"
    }
  ]
}
