{
  "resourceType": "Practitioner",
  "id": "Practitioner-JohnSmith",
  "identifier": [
    {
      "system": "http://hl7.org/fhir/sid/us-npi",
      "value": "4278275001"
    }
  ],
  "name": [
    {
      "given": [
        "John"
      ],
      "family": "Smith",
      "text": "Primary Care Physician"
    }
  ],
  "active": true,
  "gender": "male",
  "telecom": [
    {
      "system": "phone",
      "value": "(210) 564 1389"
    }
  ],
  "address": [
    {
      "text": "177 Deerfield St. San Antonio, TX 78207"
    }
  ]
}
