{
  "resourceType": "QuestionnaireResponse",
  "id": "QResponse-HH-Discharge-Mobility-SelfCare-1",
  "meta": {
    "profile": [
      "http://paciowg.github.io/functional-status-ig/StructureDefinition/pacio-functional-qr"
    ]
  },
  "subject": {
    "reference": "Patient/patientBSJ1"
  },
  "status": "completed",
  "questionnaire": "https://api.logicahealth.org/PACIO/open/Questionnaire/MDS3.0-NC-1.17",
  "authored": "2020-08-30T14:00:00-05:00",
  "item": [
    {
      "linkId": "Section-37",
      "text": "OASIS D - Functional abilities and goals - discharge [CMS Assessment]",
      "id": "89391-7",
      "item": [
        {
          "linkId": "Section-37/GG0130_3",
          "text": "OASIS D - Self-care - discharge performance [CMS Assessment]",
          "id": "89475-8",
          "item": [
            {
              "linkId": "Section-37/GG0130A3",
              "text": "Eating - functional ability [CMS Assessment]",
              "id": "89410-5",
              "answer": [
                {
                  "valueReference": {
                    "reference": "Observation/BFS-HH-Discharge-Mobility-SelfCare-1-Ob-Question-37"
                  }
                }
              ]
            },
            {
              "linkId": "Section-37/GG0130B3",
              "text": "Oral hygiene - functional ability [CMS Assessment]",
              "id": "89405-5",
              "answer": [
                {
                  "valueReference": {
                    "reference": "Observation/BFS-HH-Discharge-Mobility-SelfCare-1-Ob-Question-39"
                  }
                }
              ]
            },
            {
              "linkId": "Section-37/GG0130C3",
              "text": "Toileting hygiene - functional ability [CMS Assessment]",
              "id": "57245-3",
              "answer": [
                {
                  "valueReference": {
                    "reference": "Observation/BFS-HH-Discharge-Mobility-SelfCare-1-Ob-Question-41"
                  }
                }
              ]
            },
            {
              "linkId": "Section-37/GG0130E3",
              "text": "Shower/bathe self - functional ability [CMS Assessment]",
              "id": "89397-4",
              "answer": [
                {
                  "valueReference": {
                    "reference": "Observation/BFS-HH-Discharge-Mobility-SelfCare-1-Ob-Question-43"
                  }
                }
              ]
            },
            {
              "linkId": "Section-37/GG0130F3",
              "text": "Upper body dressing - functional ability [CMS Assessment]",
              "id": "89388-3",
              "answer": [
                {
                  "valueReference": {
                    "reference": "Observation/BFS-HH-Discharge-Mobility-SelfCare-1-Ob-Question-45"
                  }
                }
              ]
            },
            {
              "linkId": "Section-37/GG0130G3",
              "text": "Lower body dressing - functional ability [CMS Assessment]",
              "id": "89407-1",
              "answer": [
                {
                  "valueReference": {
                    "reference": "Observation/BFS-HH-Discharge-Mobility-SelfCare-1-Ob-Question-47"
                  }
                }
              ]
            },
            {
              "linkId": "Section-37/GG0130H3",
              "text": "Putting on and taking off footwear - functional ability [CMS Assessment]",
              "id": "89401-4",
              "answer": [
                {
                  "valueReference": {
                    "reference": "Observation/BFS-HH-Discharge-Mobility-SelfCare-1-Ob-Question-49"
                  }
                }
              ]
            }
          ]
        }
      ]
    }
  ]
}
