{
  "resourceType": "DeviceUseStatement",
  "id": "Connectathon-Assessment-FS-3-First3DSNFAdmission-UseOfDevice-19",
  "meta": {
    "profile": [
      "http://pacioproject.org/StructureDefinition/pacio-dev"
    ]
  },
  "subject": {
    "reference": "Patient/patientBSJ1"
  },
  "derivedFrom": [
    {
      "reference": "Observation/Connectathon-Assessment-FS-3-First3DSNFAdmission"
    }
  ],
  "recordedOn": "2020-04-09T15:00:00-05:00",
  "source": {
    "reference": "Practitioner/Connectathon-Practitioner-JenCadbury"
  },
  "device": {
    "reference": "Device/CMS-Device-2"
  },
  "status": "active"
}
